{"cameraMode":{"drawMode":0,"name":"Shaded","section":"Shading Mode"},"sceneLighting":true,"audioPlay":false,"sceneViewState":{"m_AlwaysRefresh":false,"showFog":true,"showSkybox":true,"showFlares":true,"showImageEffects":true,"showParticleSystems":true,"showVisualEffectGraphs":true,"m_FxEnabled":true},"in2DMode":false,"pivot":{"x":-4.057504177093506,"y":-0.5334758162498474,"z":-11.609138488769532},"rotation":{"x":0.03768923878669739,"y":0.9623419642448425,"z":-0.18889564275741578,"w":0.19244587421417237},"size":4.791215419769287,"orthographic":false}