{"cameraMode":{"drawMode":0,"name":"Shaded","section":"Shading Mode"},"sceneLighting":true,"audioPlay":false,"sceneViewState":{"showFog":true,"showMaterialUpdate":false,"showSkybox":true,"showFlares":true,"showImageEffects":true,"showParticleSystems":true,"showVisualEffectGraphs":true,"m_FxEnabled":true},"in2DMode":false,"pivot":{"x":-0.5418651103973389,"y":0.7604305148124695,"z":-0.39588305354118349},"rotation":{"x":-0.15829616785049439,"y":-0.3855181634426117,"z":0.06719502806663513,"w":-0.9066474437713623},"size":1.2247450351715088,"orthographic":false}